PLACE12NM,POPCNT,DESCNM,CTY12CD,CTY12CDO,CTY12NM,NMD12CD,NMD12CDO,NMD12NM,UA12CD,UA12CDO,UA12NM,MD12CD,MD12CDO,MD12NM,LONB12CD,LONB12CDO,LONB12NM,WD12CD,WD12CDO,HLTH12CD,HLTH12CDO,HLTH12NM,REGD12CD,REGD12CDO,REGD12NM,GOR11CD,GOR11CDO,GOR11NM,NPARK12CD,NPARK12CDO,NPARK12NM,BUA11CD,PCON12CD,PCON12CDO,PCON12NM,EER12CD,EER12CDO,EER12NM,GRIDGB1,GRIDGB1E,GRIDGB1N,GRID1KM,PAR12CD,PAR12CDO
Woughton),,PAR,,,,,,,E06000042,00MG,Milton Keynes,,,,,,,,,E18000009,Q38,South Central,E28000085,326,Milton Keynes,E12000008,J,South East,,,,,E14000821,C94,Milton Keynes North,E15000008,8,South East,487056238102,487056,238102,SP8738,E04012227,00MG038
Old Woughton),,PAR,,,,,,,E06000042,00MG,Milton Keynes,,,,,,,,,E18000009,Q38,South Central,E28000085,326,Milton Keynes,E12000008,J,South East,,,,,E14000822,C95,Milton Keynes South,E15000008,8,South East,487556236786,487556,236786,SP8736,E04012226,00MG051
Great Ashby),,PAR,E10000015,26,Hertfordshire,E07000099,26UF,North Hertfordshire,,,,,,,,,,,,E18000006,Q35,East of England,E28000141,538,Hertfordshire,E12000006,G,East of England,,,,,E14000845,D19,North East Hertfordshire,E15000006,6,Eastern,526760226800,526760,226800,TL2626,E04012228,26UF036
Sutton Heath,,PAR,E10000029,42,Suffolk,E07000205,42UG,Suffolk Coastal,,,,,,,,,,,,E18000006,Q35,East of England,E28000213,748,Suffolk,E12000006,G,East of England,,,,,E14000981,E56,Suffolk Coastal,E15000006,6,Eastern,632410248165,632410,248165,TM3248,E04012221,42UG118
Sheet,,PAR,E10000014,24,Hampshire,E07000085,24UC,East Hampshire,,,,,,,,,,,,E18000009,Q38,South Central,E28000138,504,Hampshire,E12000008,J,South East,E26000010,16,South Downs National Park,,E14000680,B52,East Hampshire,E15000008,8,South East,475840124530,475840,124530,SU7524,E04012252,24UC040
Braunstone),,PAR,E10000018,31,Leicestershire,E07000129,31UB,Blaby,,,,,,,,,,,,E18000004,Q33,East Midlands,E28000154,605,Leicestershire,E12000004,E,East Midlands,,,,,E14000625,A96,Charnwood,E15000004,4,East Midlands,453963302912,453963,302912,SK5302,E04012264,31UB003
Clipstone,,PAR,E10000024,37,Nottinghamshire,E07000175,37UG,Newark and Sherwood,,,,,,,,,,,,E18000004,Q33,East Midlands,E28000217,692,Nottinghamshire,E12000004,E,East Midlands,,,,,E14000924,D98,Sherwood,E15000004,4,East Midlands,459028363350,459028,363350,SK5963,E04012262,37UG015
Ingol and Tanterton,,PAR,E10000017,30,Lancashire,E07000123,30UK,Preston,,,,,,,,,,,,E18000002,Q31,North West,E28000151,591,Lancashire,E12000002,B,North West,,,,,E14000885,D59,Preston,E15000002,2,North West,351146432039,351146,432039,SD5132,E04012217,30UK009
Burton Green,,PAR,E10000031,44,Warwickshire,E07000222,44UF,Warwick,,,,,,,,,,,,E18000005,Q34,West Midlands,E28000209,776,Warwickshire,E12000005,F,West Midlands,,,,,E14000767,C40,Kenilworth and Southam,E15000005,5,West Midlands,428144275750,428144,275750,SP2875,E04012230,44UF036
Matching),,PAR,E10000012,22,Essex,E07000072,22UH,Epping Forest,,,,,,,,,,,,E18000006,Q35,East of England,E28000210,463,Essex,E12000006,G,East of England,,,,,E14000594,A65,Brentwood and Ongar,E15000006,6,Eastern,553484210868,553484,210868,TL5310,E04012203,22UH011
Colney Heath),,PAR,E10000015,26,Hertfordshire,E07000240,26UG,St Albans,,,,,,,,,,,,E18000006,Q35,East of England,E28000141,538,Hertfordshire,E12000006,G,East of England,,,,,E14001027,F03,Welwyn Hatfield,E15000006,6,Eastern,521263206087,521263,206087,TL2106,E04012222,26UG001
Colney Heath),5962,WD,E10000015,26,Hertfordshire,E07000240,26UG,St Albans,,,,,,,,,,E05009028,26UGGA,E18000006,Q35,East of England,E28000141,538,Hertfordshire,E12000006,G,East of England,,,,,E14001027,F03,Welwyn Hatfield,E15000006,6,Eastern,521263206087,521263,206087,TL2106,,
Three Crosses,,COM,,,,,,,W06000011,00NX,Swansea,,,,,,,,,W11000026,7A3,Abertawe Bro Morgannwg University,W20000037,897,Swansea,,W,Wales,,,,,W07000046,W06,Gower,W08000001,10,Wales,256279193871,256279,193871,SS5693,W04000977,00NX039
Cockett),,COM,,,,,,,W06000011,00NX,Swansea,,,,,,,,,W11000026,7A3,Abertawe Bro Morgannwg University,W20000037,897,Swansea,,W,Wales,,,,,W07000048,W08,Swansea East,W08000001,10,Wales,262222196794,262222,196794,SS6296,W04000961,00NX006
Clydach),,COM,,,,,,,W06000011,00NX,Swansea,,,,,,,,,W11000026,7A3,Abertawe Bro Morgannwg University,W20000037,897,Swansea,,W,Wales,,,,,W07000048,W08,Swansea East,W08000001,10,Wales,268465201024,268465,201024,SN6801,W04000960,00NX005
Dunvant),,COM,,,,,,,W06000011,00NX,Swansea,,,,,,,,,W11000026,7A3,Abertawe Bro Morgannwg University,W20000037,897,Swansea,,W,Wales,,,,,W07000046,W06,Gower,W08000001,10,Wales,258388193324,258388,193324,SS5893,W04000963,00NX008
Landore),,COM,,,,,,,W06000011,00NX,Swansea,,,,,,,,,W11000026,7A3,Abertawe Bro Morgannwg University,W20000037,897,Swansea,,W,Wales,,,,,W07000047,W07,Swansea West,W08000001,10,Wales,266210195310,266210,195310,SS6695,W04000966,00NX014
Landore),6439,WD,,,,,,,W06000011,00NX,Swansea,,,,,,,W05000969,00NXPL,W11000026,7A3,Abertawe Bro Morgannwg University,W20000037,897,Swansea,,W,Wales,,,,,W07000047,W07,Swansea West,W08000001,10,Wales,265663194758,265663,194758,SS6594,,
Cockett),13938,WD,,,,,,,W06000011,00NX,Swansea,,,,,,,W05000963,00NXPA,W11000026,7A3,Abertawe Bro Morgannwg University,W20000037,897,Swansea,,W,Wales,,,,,W07000048,W08,Swansea East,W08000001,10,Wales,262222196794,262222,196794,SS6296,,
St Albans),140664,NMD,E10000015,26,Hertfordshire,E07000240,26UG,St Albans,,,,,,,,,,,,E18000006,Q35,East of England,E28000141,538,Hertfordshire,E12000006,G,East of England,,,,,E14001027,F03,Welwyn Hatfield,E15000006,6,Eastern,521263206087,521263,206087,TL2106,,
Clydach),7503,WD,,,,,,,W06000011,00NX,Swansea,,,,,,,W05000962,00NXNZ,W11000026,7A3,Abertawe Bro Morgannwg University,W20000037,897,Swansea,,W,Wales,,,,,W07000048,W08,Swansea East,W08000001,10,Wales,268465201024,268465,201024,SN6801,,
Dunvant),4383,WD,,,,,,,W06000011,00NX,Swansea,,,,,,,W05000965,00NXPC,W11000026,7A3,Abertawe Bro Morgannwg University,W20000037,897,Swansea,,W,Wales,,,,,W07000046,W06,Gower,W08000001,10,Wales,258388193324,258388,193324,SS5893,,
St Ives East),6999,WD,E10000003,12,Cambridgeshire,E07000011,12UE,Huntingdonshire,,,,,,,,,,E05008937,12UEHD,E18000006,Q35,East of England,E28000088,339,Cambridgeshire,E12000006,G,East of England,,,,,E14000855,D29,North West Cambridgeshire,E15000006,6,Eastern,530655274542,530655,274542,TL3074,,
"Hastingwood, Matching and Sheering Village)",2357,WD,E10000012,22,Essex,E07000072,22UH,Epping Forest,,,,,,,,,,E05008940,22UHGS,E18000006,Q35,East of England,E28000210,463,Essex,E12000006,G,East of England,,,,,E14000594,A65,Brentwood and Ongar,E15000006,6,Eastern,553357210807,553357,210807,TL5310,,
Chiseldon and Lawn,5719,WD,,,,,,,E06000030,00HX,Swindon,,,,,,,E05008955,00HXNZ,E18000010,Q39,South West,E28000202,796,Swindon,E12000009,K,South West,,,,,E14000947,E22,South Swindon,E15000009,9,South West,417640179750,417640,179750,SU1779,,
St Andrews,10484,WD,,,,,,,E06000030,00HX,Swindon,,,,,,,E05008968,00HXPN,E18000010,Q39,South West,E28000202,796,Swindon,E12000009,K,South West,,,,,E14000851,D25,North Swindon,E15000009,9,South West,413010189960,413010,189960,SU1389,,
Seaford East),4680,WD,E10000011,21,East Sussex,E07000063,21UF,Lewes,,,,,,,,,,E05003962,21UFHA,E18000008,Q37,South East Coast,E28000124,462,East Sussex,E12000008,J,South East,,,,,E14000786,C59,Lewes,E15000008,8,South East,549980099614,549980,99614,TV4999,,
Seaford North),5169,WD,E10000011,21,East Sussex,E07000063,21UF,Lewes,,,,,,,,,,E05003963,21UFHB,E18000008,Q37,South East Coast,E28000124,462,East Sussex,E12000008,J,South East,,,,,E14000786,C59,Lewes,E15000008,8,South East,548840100154,548840,100154,TQ4800,,
Seaford South),4242,WD,E10000011,21,East Sussex,E07000063,21UF,Lewes,,,,,,,,,,E05003964,21UFHC,E18000008,Q37,South East Coast,E28000124,462,East Sussex,E12000008,J,South East,,,,,E14000786,C59,Lewes,E15000008,8,South East,549176099047,549176,99047,TV4999,,
Newhaven Denton and Meeching),8205,WD,E10000011,21,East Sussex,E07000063,21UF,Lewes,,,,,,,,,,E05003953,21UFGQ,E18000008,Q37,South East Coast,E28000124,462,East Sussex,E12000008,J,South East,E26000010,16,South Downs National Park,,E14000786,C59,Lewes,E15000008,8,South East,545640101380,545640,101380,TQ4501,,
Newhaven Valley),4027,WD,E10000011,21,East Sussex,E07000063,21UF,Lewes,,,,,,,,,,E05003954,21UFGR,E18000008,Q37,South East Coast,E28000124,462,East Sussex,E12000008,J,South East,E26000010,16,South Downs National Park,,E14000786,C59,Lewes,E15000008,8,South East,543440101822,543440,101822,TQ4301,,
Peacehaven East),5011,WD,E10000011,21,East Sussex,E07000063,21UF,Lewes,,,,,,,,,,E05003957,21UFGU,E18000008,Q37,South East Coast,E28000124,462,East Sussex,E12000008,J,South East,E26000010,16,South Downs National Park,,E14000597,A68,"Brighton, Kemptown",E15000008,8,South East,542804101366,542804,101366,TQ4201,,
Peacehaven North),4715,WD,E10000011,21,East Sussex,E07000063,21UF,Lewes,,,,,,,,,,E05003958,21UFGW,E18000008,Q37,South East Coast,E28000124,462,East Sussex,E12000008,J,South East,E26000010,16,South Downs National Park,,E14000597,A68,"Brighton, Kemptown",E15000008,8,South East,541243103225,541243,103225,TQ4103,,
East Saltdean and Telscombe Cliffs),7477,WD,E10000011,21,East Sussex,E07000063,21UF,Lewes,,,,,,,,,,E05003948,21UFGK,E18000008,Q37,South East Coast,E28000124,462,East Sussex,E12000008,J,South East,E26000010,16,South Downs National Park,,E14000597,A68,"Brighton, Kemptown",E15000008,8,South East,540000103070,540000,103070,TQ4003,,
Ouse Valley and Ringmer),6422,WD,E10000011,21,East Sussex,E07000063,21UF,Lewes,,,,,,,,,,E05003956,21UFGT,E18000008,Q37,South East Coast,E28000124,462,East Sussex,E12000008,J,South East,E26000010,16,South Downs National Park,,E14000786,C59,Lewes,E15000008,8,South East,545410108850,545410,108850,TQ4508,,
Barcombe and Hamsey),2105,WD,E10000011,21,East Sussex,E07000063,21UF,Lewes,,,,,,,,,,E05003945,21UFGG,E18000008,Q37,South East Coast,E28000124,462,East Sussex,E12000008,J,South East,E26000010,16,South Downs National Park,,E14000786,C59,Lewes,E15000008,8,South East,539593112277,539593,112277,TQ3912,,
Ditchling and Westmeston),2424,WD,E10000011,21,East Sussex,E07000063,21UF,Lewes,,,,,,,,,,E05003947,21UFGJ,E18000008,Q37,South East Coast,E28000124,462,East Sussex,E12000008,J,South East,,,,,E14000786,C59,Lewes,E15000008,8,South East,533895118888,533895,118888,TQ3318,,
"Plumpton, Streat, East Chiltington and St John (Without))",2276,WD,E10000011,21,East Sussex,E07000063,21UF,Lewes,,,,,,,,,,E05003960,21UFGY,E18000008,Q37,South East Coast,E28000124,462,East Sussex,E12000008,J,South East,E26000010,16,South Downs National Park,,E14000786,C59,Lewes,E15000008,8,South East,536005113316,536005,113316,TQ3613,,
Waddington West),2450,WD,E10000019,32,Lincolnshire,E07000139,32UE,North Kesteven,,,,,,,,,,E05005643,32UEJS,E18000004,Q33,East Midlands,E28000155,609,Lincolnshire,E12000004,E,East Midlands,,,,,E14000792,C65,Lincoln,E15000004,4,East Midlands,496633365341,496633,365341,SK9665,,
Barnham),8627,WD,E10000032,45,West Sussex,E07000224,45UC,Arun,,,,,,,,,,E05007580,45UCGJ,E18000008,Q37,South East Coast,E28000211,785,West Sussex,E12000008,J,South East,E26000010,16,South Downs National Park,,E14000534,A05,Arundel and South Downs,E15000008,8,South East,493568107726,493568,107726,SU9307,,
Walberton),2889,WD,E10000032,45,West Sussex,E07000224,45UC,Arun,,,,,,,,,,E05007599,45UCHE,E18000008,Q37,South East Coast,E28000211,785,West Sussex,E12000008,J,South East,,,,,E14000534,A05,Arundel and South Downs,E15000008,8,South East,496959105962,496959,105962,SU9605,,
Arundel),4298,WD,E10000032,45,West Sussex,E07000224,45UC,Arun,,,,,,,,,,E05007579,45UCGH,E18000008,Q37,South East Coast,E28000211,785,West Sussex,E12000008,J,South East,,,,,E14000534,A05,Arundel and South Downs,E15000008,8,South East,501688105428,501688,105428,TQ0105,,
Angmering),7788,WD,E10000032,45,West Sussex,E07000224,45UC,Arun,,,,,,,,,,E05007578,45UCGG,E18000008,Q37,South East Coast,E28000211,785,West Sussex,E12000008,J,South East,E26000010,16,South Downs National Park,,E14000534,A05,Arundel and South Downs,E15000008,8,South East,506568107144,506568,107144,TQ0607,,
Ferring),4480,WD,E10000032,45,West Sussex,E07000224,45UC,Arun,,,,,,,,,,E05007587,45UCGR,E18000008,Q37,South East Coast,E28000211,785,West Sussex,E12000008,J,South East,E26000010,16,South Downs National Park,,E14001055,F31,Worthing West,E15000008,8,South East,509199104742,509199,104742,TQ0904,,
Aldingbourne),3819,PAR,E10000032,45,West Sussex,E07000224,45UC,Arun,,,,,,,,,,,,E18000008,Q37,South East Coast,E28000211,785,West Sussex,E12000008,J,South East,E26000010,16,South Downs National Park,,E14000534,A05,Arundel and South Downs,E15000008,8,South East,493604107754,493604,107754,SU9307,E04009849,45UC001
Seaford),23571,PAR,E10000011,21,East Sussex,E07000063,21UF,Lewes,,,,,,,,,,,,E18000008,Q37,South East Coast,E28000124,462,East Sussex,E12000008,J,South East,E26000010,16,South Downs National Park,,E14000786,C59,Lewes,E15000008,8,South East,548817101668,548817,101668,TQ4801,E04003794,21UF030
Boarhunt),600,PAR,E10000014,24,Hampshire,E07000094,24UP,Winchester,,,,,,,,,,,,E18000009,Q38,South Central,E28000138,504,Hampshire,E12000008,J,South East,E26000010,16,South Downs National Park,,E14000811,C84,Meon Valley,E15000008,8,South East,460386111751,460386,111751,SU6011,E04004654,24UP006
Denmead),6736,PAR,E10000014,24,Hampshire,E07000094,24UP,Winchester,,,,,,,,,,,,E18000009,Q38,South Central,E28000138,504,Hampshire,E12000008,J,South East,E26000010,16,South Downs National Park,,E14000811,C84,Meon Valley,E15000008,8,South East,466307113598,466307,113598,SU6613,E04004663,24UP015
Soberton),1616,PAR,E10000014,24,Hampshire,E07000094,24UP,Winchester,,,,,,,,,,,,E18000009,Q38,South Central,E28000138,504,Hampshire,E12000008,J,South East,E26000010,16,South Downs National Park,,E14000811,C84,Meon Valley,E15000008,8,South East,461911116558,461911,116558,SU6116,E04004683,24UP035
Northbrook),4973,WD,E10000032,45,West Sussex,E07000229,45UH,Worthing,,,,,,,,,,E05007702,45UHFX,E18000008,Q37,South East Coast,E28000211,785,West Sussex,E12000008,J,South East,E26000010,16,South Downs National Park,,E14001055,F31,Worthing West,E15000008,8,South East,509941104557,509941,104557,TQ0904,,
Offington),7719,WD,E10000032,45,West Sussex,E07000229,45UH,Worthing,,,,,,,,,,E05007703,45UHFY,E18000008,Q37,South East Coast,E28000211,785,West Sussex,E12000008,J,South East,E26000010,16,South Downs National Park,,E14000682,B54,East Worthing and Shoreham,E15000008,8,South East,514090106360,514090,106360,TQ1406,,
Salvington),8893,WD,E10000032,45,West Sussex,E07000229,45UH,Worthing,,,,,,,,,,E05007704,45UHFZ,E18000008,Q37,South East Coast,E28000211,785,West Sussex,E12000008,J,South East,E26000010,16,South Downs National Park,,E14001055,F31,Worthing West,E15000008,8,South East,511511106889,511511,106889,TQ1106,,
Meads),10725,WD,E10000011,21,East Sussex,E07000061,21UC,Eastbourne,,,,,,,,,,E05003923,21UCFP,E18000008,Q37,South East Coast,E28000124,462,East Sussex,E12000008,J,South East,,,,,E14000684,B56,Eastbourne,E15000008,8,South East,560443097847,560443,97847,TV6097,,
Old Town),11053,WD,E10000011,21,East Sussex,E07000061,21UC,Eastbourne,,,,,,,,,,E05003924,21UCFQ,E18000008,Q37,South East Coast,E28000124,462,East Sussex,E12000008,J,South East,,,,,E14000684,B56,Eastbourne,E15000008,8,South East,559198099820,559198,99820,TV5999,,
Ratton),9694,WD,E10000011,21,East Sussex,E07000061,21UC,Eastbourne,,,,,,,,,,E05003925,21UCFR,E18000008,Q37,South East Coast,E28000124,462,East Sussex,E12000008,J,South East,E26000010,16,South Downs National Park,,E14000684,B56,Eastbourne,E15000008,8,South East,557965101477,557965,101477,TQ5701,,
Steyning),6269,WD,E10000032,45,West Sussex,E07000227,45UF,Horsham,,,,,,,,,,E05007666,45UFGZ,E18000008,Q37,South East Coast,E28000211,785,West Sussex,E12000008,J,South East,E26000010,16,South Downs National Park,,E14000534,A05,Arundel and South Downs,E15000008,8,South East,516191110655,516191,110655,TQ1675,,
Pulborough and Coldwatham),6147,WD,E10000032,45,West Sussex,E07000227,45UF,Horsham,,,,,,,,,,E05007660,45UFGS,E18000008,Q37,South East Coast,E28000211,785,West Sussex,E12000008,J,South East,,,,,E14000534,A05,Arundel and South Downs,E15000008,8,South East,504840119700,504840,119700,TQ0419,,
Chanctonbury),7938,WD,E10000032,45,West Sussex,E07000227,45UF,Horsham,,,,,,,,,,E05007649,45UFGF,E18000008,Q37,South East Coast,E28000211,785,West Sussex,E12000008,J,South East,E26000010,16,South Downs National Park,,E14000534,A05,Arundel and South Downs,E15000008,8,South East,515081112135,515081,112135,TQ1512,,
Chantry),9643,WD,E10000032,45,West Sussex,E07000227,45UF,Horsham,,,,,,,,,,E05007650,45UFGG,E18000008,Q37,South East Coast,E28000211,785,West Sussex,E12000008,J,South East,E26000010,16,South Downs National Park,,E14000534,A05,Arundel and South Downs,E15000008,8,South East,505213113533,505213,113533,TQ0513,,
"Bramber, Upper Beeding and Woodmancote)",5314,WD,E10000032,45,West Sussex,E07000227,45UF,Horsham,,,,,,,,,,E05007647,45UFGD,E18000008,Q37,South East Coast,E28000211,785,West Sussex,E12000008,J,South East,E26000010,16,South Downs National Park,,E14000534,A05,Arundel and South Downs,E15000008,8,South East,521900111710,521900,111710,TQ2111,,
Pulborough),5206,PAR,E10000032,45,West Sussex,E07000227,45UF,Horsham,,,,,,,,,,,,E18000008,Q37,South East Coast,E28000211,785,West Sussex,E12000008,J,South East,E26000010,16,South Downs National Park,,E14000534,A05,Arundel and South Downs,E15000008,8,South East,504287121598,504287,121598,TQ0421,E04009962,45UF016
Storrington and Sullington),6966,PAR,E10000032,45,West Sussex,E07000227,45UF,Horsham,,,,,,,,,,,,E18000008,Q37,South East Coast,E28000211,785,West Sussex,E12000008,J,South East,E26000010,16,South Downs National Park,,E14000534,A05,Arundel and South Downs,E15000008,8,South East,508542112832,508542,112832,TQ0812,E04009978,45UF034
West Chiltington),3377,PAR,E10000032,45,West Sussex,E07000227,45UF,Horsham,,,,,,,,,,,,E18000008,Q37,South East Coast,E28000211,785,West Sussex,E12000008,J,South East,E26000010,16,South Downs National Park,,E14000534,A05,Arundel and South Downs,E15000008,8,South East,507850116709,507850,116709,TQ0716,E04009974,45UF030
Washington),1867,PAR,E10000032,45,West Sussex,E07000227,45UF,Horsham,,,,,,,,,,,,E18000008,Q37,South East Coast,E28000211,785,West Sussex,E12000008,J,South East,,,,,E14000534,A05,Arundel and South Downs,E15000008,8,South East,512612114058,512612,114058,TQ1214,E04009973,45UF029
Petworth),4742,WD,E10000032,45,West Sussex,E07000225,45UD,Chichester,,,,,,,,,,E05007619,45UDHF,E18000008,Q37,South East Coast,E28000211,785,West Sussex,E12000008,J,South East,,,,,E14000534,A05,Arundel and South Downs,E15000008,8,South East,499182126965,499182,126965,SU9926,,
Plaistow),4784,WD,E10000032,45,West Sussex,E07000225,45UD,Chichester,,,,,,,,,,E05007620,45UDHG,E18000008,Q37,South East Coast,E28000211,785,West Sussex,E12000008,J,South East,E26000010,16,South Downs National Park,,E14000633,B05,Chichester,E15000008,8,South East,494280129220,494280,129220,SU9429,,
Wisborough Green),2477,WD,E10000032,45,West Sussex,E07000225,45UD,Chichester,,,,,,,,,,E05007630,45UDHS,E18000008,Q37,South East Coast,E28000211,785,West Sussex,E12000008,J,South East,E26000010,16,South Downs National Park,,E14000534,A05,Arundel and South Downs,E15000008,8,South East,502509123965,502509,123965,TQ0223,,
Funtington),2671,WD,E10000032,45,West Sussex,E07000225,45UD,Chichester,,,,,,,,,,E05007614,45UDHA,E18000008,Q37,South East Coast,E28000211,785,West Sussex,E12000008,J,South East,,,,,E14000633,B05,Chichester,E15000008,8,South East,482931106780,482931,106780,SU8206,,
Lavant),2365,WD,E10000032,45,West Sussex,E07000225,45UD,Chichester,,,,,,,,,,E05007616,45UDHC,E18000008,Q37,South East Coast,E28000211,785,West Sussex,E12000008,J,South East,E26000010,16,South Downs National Park,,E14000633,B05,Chichester,E15000008,8,South East,486110108900,486110,108900,SU8608,,
Westbourne),2309,WD,E10000032,45,West Sussex,E07000225,45UD,Chichester,,,,,,,,,,E05007629,45UDHR,E18000008,Q37,South East Coast,E28000211,785,West Sussex,E12000008,J,South East,,,,,E14000633,B05,Chichester,E15000008,8,South East,477465107588,477465,107588,SU7707,,
Boxgrove),2235,WD,E10000032,45,West Sussex,E07000225,45UD,Chichester,,,,,,,,,,E05007603,45UDGN,E18000008,Q37,South East Coast,E28000211,785,West Sussex,E12000008,J,South East,E26000010,16,South Downs National Park,,E14000633,B05,Chichester,E15000008,8,South East,488513112727,488513,112727,SU8812,,
Stoughton),659,PAR,E10000032,45,West Sussex,E07000225,45UD,Chichester,,,,,,,,,,,,E18000008,Q37,South East Coast,E28000211,785,West Sussex,E12000008,J,South East,,,,,E14000633,B05,Chichester,E15000008,8,South East,478433108743,478433,108743,SU7808,E04009931,45UD053
Westbourne),2309,PAR,E10000032,45,West Sussex,E07000225,45UD,Chichester,,,,,,,,,,,,E18000008,Q37,South East Coast,E28000211,785,West Sussex,E12000008,J,South East,E26000010,16,South Downs National Park,,E14000633,B05,Chichester,E15000008,8,South East,476800108844,476800,108844,SU7608,E04009937,45UD060
Funtington),1549,PAR,E10000032,45,West Sussex,E07000225,45UD,Chichester,,,,,,,,,,,,E18000008,Q37,South East Coast,E28000211,785,West Sussex,E12000008,J,South East,E26000010,16,South Downs National Park,,E14000633,B05,Chichester,E15000008,8,South East,481360108270,481360,108270,SU8108,E04009904,45UD026
Lavant),1656,PAR,E10000032,45,West Sussex,E07000225,45UD,Chichester,,,,,,,,,,,,E18000008,Q37,South East Coast,E28000211,785,West Sussex,E12000008,J,South East,,,,,E14000633,B05,Chichester,E15000008,8,South East,484626107350,484626,107350,SU8407,E04009910,45UD032
Westhampnett),709,PAR,E10000032,45,West Sussex,E07000225,45UD,Chichester,,,,,,,,,,,,E18000008,Q37,South East Coast,E28000211,785,West Sussex,E12000008,J,South East,E26000010,16,South Downs National Park,,E14000633,B05,Chichester,E15000008,8,South East,488290108230,488290,108230,SU8808,E04009939,45UD062
Boxgrove),957,PAR,E10000032,45,West Sussex,E07000225,45UD,Chichester,,,,,,,,,,,,E18000008,Q37,South East Coast,E28000211,785,West Sussex,E12000008,J,South East,,,,,E14000633,B05,Chichester,E15000008,8,South East,491374107540,491374,107540,SU9107,E04009886,45UD007
Eartham),111,PAR,E10000032,45,West Sussex,E07000225,45UD,Chichester,,,,,,,,,,,,E18000008,Q37,South East Coast,E28000211,785,West Sussex,E12000008,J,South East,,,,,E14000633,B05,Chichester,E15000008,8,South East,492999108151,492999,108151,SU9208,E04009895,45UD016
Wisborough Green),1414,PAR,E10000032,45,West Sussex,E07000225,45UD,Chichester,,,,,,,,,,,,E18000008,Q37,South East Coast,E28000211,785,West Sussex,E12000008,J,South East,E26000010,16,South Downs National Park,,E14000534,A05,Arundel and South Downs,E15000008,8,South East,502865122070,502865,122070,TQ0222,E04009944,45UD067
Kirdford),1063,PAR,E10000032,45,West Sussex,E07000225,45UD,Chichester,,,,,,,,,,,,E18000008,Q37,South East Coast,E28000211,785,West Sussex,E12000008,J,South East,E26000010,16,South Downs National Park,,E14000534,A05,Arundel and South Downs,E15000008,8,South East,502128123963,502128,123963,TQ0223,E04009909,45UD031
Petworth),3027,PAR,E10000032,45,West Sussex,E07000225,45UD,Chichester,,,,,,,,,,,,E18000008,Q37,South East Coast,E28000211,785,West Sussex,E12000008,J,South East,,,,,E14000534,A05,Arundel and South Downs,E15000008,8,South East,499844125119,499844,125119,SU9925,E04009922,45UD044
Ebernoe),213,PAR,E10000032,45,West Sussex,E07000225,45UD,Chichester,,,,,,,,,,,,E18000008,Q37,South East Coast,E28000211,785,West Sussex,E12000008,J,South East,,,,,E14000534,A05,Arundel and South Downs,E15000008,8,South East,498749128444,498749,128444,SU9828,E04009900,45UD021
Plaistow),1898,PAR,E10000032,45,West Sussex,E07000225,45UD,Chichester,,,,,,,,,,,,E18000008,Q37,South East Coast,E28000211,785,West Sussex,E12000008,J,South East,E26000010,16,South Downs National Park,,E14000633,B05,Chichester,E15000008,8,South East,496577131133,496577,131133,SU9631,E04009923,45UD045
Northchapel),797,PAR,E10000032,45,West Sussex,E07000225,45UD,Chichester,,,,,,,,,,,,E18000008,Q37,South East Coast,E28000211,785,West Sussex,E12000008,J,South East,,,,,E14000633,B05,Chichester,E15000008,8,South East,498649129507,498649,129507,SU9827,E04009919,45UD041
Lurgashall),609,PAR,E10000032,45,West Sussex,E07000225,45UD,Chichester,,,,,,,,,,,,E18000008,Q37,South East Coast,E28000211,785,West Sussex,E12000008,J,South East,,,,,E14000633,B05,Chichester,E15000008,8,South East,491339131180,491339,131180,SU9131,E04009915,45UD037
Fernhurst),2942,PAR,E10000032,45,West Sussex,E07000225,45UD,Chichester,,,,,,,,,,,,E18000008,Q37,South East Coast,E28000211,785,West Sussex,E12000008,J,South East,,,,,E14000633,B05,Chichester,E15000008,8,South East,490306131718,490306,131718,SU9031,E04009901,45UD023
Linchmere),2392,PAR,E10000032,45,West Sussex,E07000225,45UD,Chichester,,,,,,,,,,,,E18000008,Q37,South East Coast,E28000211,785,West Sussex,E12000008,J,South East,,,,,E14000633,B05,Chichester,E15000008,8,South East,488448132313,488448,132313,SU8832,E04009912,45UD034
Whitehill Walldown),2332,WD,E10000014,24,Hampshire,E07000085,24UC,East Hampshire,,,,,,,,,,E05004496,24UCHZ,E18000009,Q38,South Central,E28000138,504,Hampshire,E12000008,J,South East,,,,,E14000680,B52,East Hampshire,E15000008,8,South East,480120134235,480120,134235,SU8034,,
Bramshott and Liphook),8491,WD,E10000014,24,Hampshire,E07000085,24UC,East Hampshire,,,,,,,,,,E05004466,24UCGR,E18000009,Q38,South Central,E28000138,504,Hampshire,E12000008,J,South East,E26000010,16,South Downs National Park,,E14000680,B52,East Hampshire,E15000008,8,South East,481184132666,481184,132666,SU8132,,
Whitehill Hogmoor),2336,WD,E10000014,24,Hampshire,E07000085,24UC,East Hampshire,,,,,,,,,,E05004494,24UCHX,E18000009,Q38,South Central,E28000138,504,Hampshire,E12000008,J,South East,E26000010,16,South Downs National Park,,E14000680,B52,East Hampshire,E15000008,8,South East,478745133270,478745,133270,SU7833,,
Binsted and Bentley),2983,WD,E10000014,24,Hampshire,E07000085,24UC,East Hampshire,,,,,,,,,,E05004465,24UCGQ,E18000009,Q38,South Central,E28000138,504,Hampshire,E12000008,J,South East,,,,,E14000680,B52,East Hampshire,E15000008,8,South East,478625144205,478625,144205,SU7844,,
Selborne),2249,WD,E10000014,24,Hampshire,E07000085,24UC,East Hampshire,,,,,,,,,,E05004490,24UCHS,E18000009,Q38,South Central,E28000138,504,Hampshire,E12000008,J,South East,E26000010,16,South Downs National Park,,E14000680,B52,East Hampshire,E15000008,8,South East,475250133842,475250,133842,SU7533,,
Alton Ashdell),2448,WD,E10000014,24,Hampshire,E07000085,24UC,East Hampshire,,,,,,,,,,E05004460,24UCGK,E18000009,Q38,South Central,E28000138,504,Hampshire,E12000008,J,South East,E26000010,16,South Downs National Park,,E14000680,B52,East Hampshire,E15000008,8,South East,471993137696,471993,137696,SU7137,,
Downland),2448,WD,E10000014,24,Hampshire,E07000085,24UC,East Hampshire,,,,,,,,,,E05004468,24UCGT,E18000009,Q38,South Central,E28000138,504,Hampshire,E12000008,J,South East,E26000010,16,South Downs National Park,,E14000680,B52,East Hampshire,E15000008,8,South East,470317135971,470317,135971,SU7035,,
Ropley and Tisted),2202,WD,E10000014,24,Hampshire,E07000085,24UC,East Hampshire,,,,,,,,,,E05004488,24UCHQ,E18000009,Q38,South Central,E28000138,504,Hampshire,E12000008,J,South East,,,,,E14000680,B52,East Hampshire,E15000008,8,South East,465052132050,465052,132050,SU6532,,
Four Marks and Medstead),6019,WD,E10000014,24,Hampshire,E07000085,24UC,East Hampshire,,,,,,,,,,E05004470,24UCGW,E18000009,Q38,South Central,E28000138,504,Hampshire,E12000008,J,South East,E26000010,16,South Downs National Park,,E14000680,B52,East Hampshire,E15000008,8,South East,468350133214,468350,133214,SU6833,,
Clanfield and Finchdean),4854,WD,E10000014,24,Hampshire,E07000085,24UC,East Hampshire,,,,,,,,,,E05004467,24UCGS,E18000009,Q38,South Central,E28000138,504,Hampshire,E12000008,J,South East,,,,,E14000811,C84,Meon Valley,E15000008,8,South East,470413116140,470413,116140,SU7016,,
Rowlands Castle),2530,WD,E10000014,24,Hampshire,E07000085,24UC,East Hampshire,,,,,,,,,,E05004489,24UCHR,E18000009,Q38,South Central,E28000138,504,Hampshire,E12000008,J,South East,E26000010,16,South Downs National Park,,E14000811,C84,Meon Valley,E15000008,8,South East,472222111841,472222,111841,SU7211,,
Horndean Catherington and Lovedean),2394,WD,E10000014,24,Hampshire,E07000085,24UC,East Hampshire,,,,,,,,,,E05004475,24UCHB,E18000009,Q38,South Central,E28000138,504,Hampshire,E12000008,J,South East,,,,,E14000811,C84,Meon Valley,E15000008,8,South East,467809112647,467809,112647,SU6712,,
Horndean Hazleton and Blendworth),2452,WD,E10000014,24,Hampshire,E07000085,24UC,East Hampshire,,,,,,,,,,E05004477,24UCHD,E18000009,Q38,South Central,E28000138,504,Hampshire,E12000008,J,South East,,,,,E14000811,C84,Meon Valley,E15000008,8,South East,470577112545,470577,112545,SU7012,,
